<?xml version="1.0" encoding="UTF-8"?>
<GenRun Id="impl_1" LaunchPart="xc7a35tcpg236-1" LaunchTime="1696592587">
  <File Type="ROUTE-PWR" Name="countup_fpga_power_routed.rpt"/>
  <File Type="PA-TCL" Name="countup_fpga.tcl"/>
  <File Type="ROUTE-PWR-SUM" Name="countup_fpga_power_summary_routed.pb"/>
  <File Type="REPORTS-TCL" Name="countup_fpga_reports.tcl"/>
  <File Type="OPT-RQA-PB" Name="countup_fpga_rqa_opted.pb"/>
  <File Type="BITSTR-MMI" Name="countup_fpga.mmi"/>
  <File Type="OPT-METHODOLOGY-DRC" Name="countup_fpga_methodology_drc_opted.rpt"/>
  <File Type="INIT-TIMING" Name="countup_fpga_timing_summary_init.rpt"/>
  <File Type="OPT-TIMING" Name="countup_fpga_timing_summary_opted.rpt"/>
  <File Type="OPT-DCP" Name="countup_fpga_opt.dcp"/>
  <File Type="OPT-DRC" Name="countup_fpga_drc_opted.rpt"/>
  <File Type="OPT-HWDEF" Name="countup_fpga.hwdef"/>
  <File Type="PWROPT-DCP" Name="countup_fpga_pwropt.dcp"/>
  <File Type="PWROPT-DRC" Name="countup_fpga_drc_pwropted.rpt"/>
  <File Type="PWROPT-TIMING" Name="countup_fpga_timing_summary_pwropted.rpt"/>
  <File Type="PLACE-DCP" Name="countup_fpga_placed.dcp"/>
  <File Type="PLACE-IO" Name="countup_fpga_io_placed.rpt"/>
  <File Type="PLACE-CLK" Name="countup_fpga_clock_utilization_placed.rpt"/>
  <File Type="PLACE-UTIL" Name="countup_fpga_utilization_placed.rpt"/>
  <File Type="PLACE-UTIL-PB" Name="countup_fpga_utilization_placed.pb"/>
  <File Type="PLACE-CTRL" Name="countup_fpga_control_sets_placed.rpt"/>
  <File Type="PLACE-SIMILARITY" Name="countup_fpga_incremental_reuse_placed.rpt"/>
  <File Type="PLACE-PRE-SIMILARITY" Name="countup_fpga_incremental_reuse_pre_placed.rpt"/>
  <File Type="BG-BIN" Name="countup_fpga.bin"/>
  <File Type="PLACE-TIMING" Name="countup_fpga_timing_summary_placed.rpt"/>
  <File Type="ROUTE-PWR-RPX" Name="countup_fpga_power_routed.rpx"/>
  <File Type="PLACE-RQA-PB" Name="countup_fpga_rqa_placed.pb"/>
  <File Type="POSTPLACE-PWROPT-DCP" Name="countup_fpga_postplace_pwropt.dcp"/>
  <File Type="BITSTR-MSK" Name="countup_fpga.msk"/>
  <File Type="POSTPLACE-PWROPT-TIMING" Name="countup_fpga_timing_summary_postplace_pwropted.rpt"/>
  <File Type="PHYSOPT-DCP" Name="countup_fpga_physopt.dcp"/>
  <File Type="PHYSOPT-DRC" Name="countup_fpga_drc_physopted.rpt"/>
  <File Type="BITSTR-RBT" Name="countup_fpga.rbt"/>
  <File Type="PHYSOPT-TIMING" Name="countup_fpga_timing_summary_physopted.rpt"/>
  <File Type="ROUTE-ERROR-DCP" Name="countup_fpga_routed_error.dcp"/>
  <File Type="ROUTE-DCP" Name="countup_fpga_routed.dcp"/>
  <File Type="ROUTE-BLACKBOX-DCP" Name="countup_fpga_routed_bb.dcp"/>
  <File Type="ROUTE-DRC" Name="countup_fpga_drc_routed.rpt"/>
  <File Type="ROUTE-DRC-PB" Name="countup_fpga_drc_routed.pb"/>
  <File Type="ROUTE-DRC-RPX" Name="countup_fpga_drc_routed.rpx"/>
  <File Type="ROUTE-METHODOLOGY-DRC" Name="countup_fpga_methodology_drc_routed.rpt"/>
  <File Type="ROUTE-METHODOLOGY-DRC-RPX" Name="countup_fpga_methodology_drc_routed.rpx"/>
  <File Type="ROUTE-METHODOLOGY-DRC-PB" Name="countup_fpga_methodology_drc_routed.pb"/>
  <File Type="ROUTE-RQS-PB" Name="countup_fpga_rqs_routed.pb"/>
  <File Type="ROUTE-STATUS" Name="countup_fpga_route_status.rpt"/>
  <File Type="ROUTE-STATUS-PB" Name="countup_fpga_route_status.pb"/>
  <File Type="ROUTE-TIMINGSUMMARY" Name="countup_fpga_timing_summary_routed.rpt"/>
  <File Type="ROUTE-TIMING-PB" Name="countup_fpga_timing_summary_routed.pb"/>
  <File Type="ROUTE-TIMING-RPX" Name="countup_fpga_timing_summary_routed.rpx"/>
  <File Type="ROUTE-SIMILARITY" Name="countup_fpga_incremental_reuse_routed.rpt"/>
  <File Type="ROUTE-CLK" Name="countup_fpga_clock_utilization_routed.rpt"/>
  <File Type="ROUTE-BUS-SKEW" Name="countup_fpga_bus_skew_routed.rpt"/>
  <File Type="ROUTE-BUS-SKEW-PB" Name="countup_fpga_bus_skew_routed.pb"/>
  <File Type="ROUTE-BUS-SKEW-RPX" Name="countup_fpga_bus_skew_routed.rpx"/>
  <File Type="POSTROUTE-PHYSOPT-DCP" Name="countup_fpga_postroute_physopt.dcp"/>
  <File Type="POSTROUTE-PHYSOPT-BLACKBOX-DCP" Name="countup_fpga_postroute_physopt_bb.dcp"/>
  <File Type="POSTROUTE-PHYSOPT-TIMING" Name="down_counter_timing_summary_postroute_physopted.rpt"/>
  <File Type="POSTROUTE-PHYSOPT-TIMING-PB" Name="down_counter_timing_summary_postroute_physopted.pb"/>
  <File Type="POSTROUTE-PHYSOPT-TIMING-RPX" Name="down_counter_timing_summary_postroute_physopted.rpx"/>
  <File Type="POSTROUTE-PHYSOPT-BUS-SKEW" Name="down_counter_bus_skew_postroute_physopted.rpt"/>
  <File Type="BG-BIT" Name="countup_fpga.bit"/>
  <File Type="POSTROUTE-PHYSOPT-BUS-SKEW-PB" Name="down_counter_bus_skew_postroute_physopted.pb"/>
  <File Type="POSTROUTE-PHYSOPT-BUS-SKEW-RPX" Name="down_counter_bus_skew_postroute_physopted.rpx"/>
  <File Type="BITSTR-NKY" Name="countup_fpga.nky"/>
  <File Type="BITSTR-BMM" Name="countup_fpga_bd.bmm"/>
  <File Type="PDI-FILE" Name="countup_fpga.pdi"/>
  <File Type="BOOT-PDI-FILE" Name="countup_fpga_soc.pdi"/>
  <File Type="PL-PDI-FILE" Name="countup_fpga_pld.pdi"/>
  <File Type="RCFI_FILE" Name="countup_fpga.rcfi"/>
  <File Type="CFI_FILE" Name="countup_fpga.cfi"/>
  <File Type="RNPI_FILE" Name="countup_fpga.rnpi"/>
  <File Type="NPI_FILE" Name="countup_fpga.npi"/>
  <File Type="RBD_FILE" Name="countup_fpga.rbd"/>
  <File Type="BITSTR-LTX" Name="debug_nets.ltx"/>
  <File Type="BITSTR-LTX" Name="countup_fpga.ltx"/>
  <File Type="BITSTR-SYSDEF" Name="countup_fpga.sysdef"/>
  <File Type="BG-BGN" Name="countup_fpga.bgn"/>
  <File Type="BG-DRC" Name="countup_fpga.drc"/>
  <File Type="RDI-RDI" Name="countup_fpga.vdi"/>
  <File Type="WBT-USG" Name="usage_statistics_webtalk.html"/>
  <File Type="ROUTE-RQS" Name="countup_fpga_routed.rqs"/>
  <File Type="POSTROUTE-PHYSOPT-RQS" Name="countup_fpga_postroute_physopted.rqs"/>
  <File Type="ROUTE-RQS-RPT" Name="route_report_qor_suggestions_0.rpt"/>
  <File Type="POSTROUTE-PHYSOPT-RQS-RPT" Name="postroute_physopt_report_qor_suggestions_0.rpt"/>
  <FileSet Name="sources" Type="DesignSrcs" RelSrcDir="$PSRCDIR/sources_1" RelGenDir="$PGENDIR/sources_1">
    <Filter Type="Srcs"/>
    <File Path="$PSRCDIR/sources_1/new/counter_down.vhd">
      <FileInfo>
        <Attr Name="UsedIn" Val="synthesis"/>
        <Attr Name="UsedIn" Val="simulation"/>
      </FileInfo>
    </File>
    <File Path="$PSRCDIR/sources_1/new/up_counter.v">
      <FileInfo>
        <Attr Name="UsedIn" Val="synthesis"/>
        <Attr Name="UsedIn" Val="implementation"/>
        <Attr Name="UsedIn" Val="simulation"/>
      </FileInfo>
    </File>
    <File Path="$PSRCDIR/sources_1/new/countup.v">
      <FileInfo>
        <Attr Name="UsedIn" Val="synthesis"/>
        <Attr Name="UsedIn" Val="implementation"/>
        <Attr Name="UsedIn" Val="simulation"/>
      </FileInfo>
    </File>
    <File Path="$PSRCDIR/sources_1/new/countup_fpga.v">
      <FileInfo>
        <Attr Name="UsedIn" Val="synthesis"/>
        <Attr Name="UsedIn" Val="implementation"/>
        <Attr Name="UsedIn" Val="simulation"/>
      </FileInfo>
    </File>
    <File Path="$PSRCDIR/sources_1/new/down_counter_fpga.vhd">
      <FileInfo>
        <Attr Name="UsedIn" Val="synthesis"/>
        <Attr Name="UsedIn" Val="simulation"/>
      </FileInfo>
    </File>
    <Config>
      <Option Name="DesignMode" Val="RTL"/>
      <Option Name="TopModule" Val="countup_fpga"/>
    </Config>
  </FileSet>
  <FileSet Name="constrs_in" Type="Constrs" RelSrcDir="$PSRCDIR/constrs_1" RelGenDir="$PGENDIR/constrs_1">
    <Filter Type="Constrs"/>
    <File Path="$PSRCDIR/constrs_1/new/basys.xdc">
      <FileInfo>
        <Attr Name="UsedIn" Val="synthesis"/>
        <Attr Name="UsedIn" Val="implementation"/>
      </FileInfo>
    </File>
    <Config>
      <Option Name="ConstrsType" Val="XDC"/>
    </Config>
  </FileSet>
  <FileSet Name="utils" Type="Utils" RelSrcDir="$PSRCDIR/utils_1" RelGenDir="$PGENDIR/utils_1">
    <Filter Type="Utils"/>
    <File Path="$PSRCDIR/utils_1/imports/synth_1/up_counter.dcp">
      <FileInfo>
        <Attr Name="UsedIn" Val="synthesis"/>
        <Attr Name="UsedIn" Val="implementation"/>
        <Attr Name="UsedInSteps" Val="synth_1"/>
        <Attr Name="UsedInSteps" Val="synth_1_copy_1"/>
        <Attr Name="AutoDcp" Val="1"/>
      </FileInfo>
    </File>
    <Config>
      <Option Name="TopAutoSet" Val="TRUE"/>
    </Config>
  </FileSet>
  <Strategy Version="1" Minor="2">
    <StratHandle Name="Vivado Implementation Defaults" Flow="Vivado Implementation 2023"/>
    <Step Id="init_design"/>
    <Step Id="opt_design"/>
    <Step Id="power_opt_design"/>
    <Step Id="place_design"/>
    <Step Id="post_place_power_opt_design"/>
    <Step Id="phys_opt_design"/>
    <Step Id="route_design"/>
    <Step Id="post_route_phys_opt_design"/>
    <Step Id="write_bitstream"/>
  </Strategy>
</GenRun>
